identity,nose_x_px,nose_y_px,ellipse_w_px,ellipse_h_px,lefteye_x_px,lefteye_y_px,righteye_x_px,righteye_y_px,mouth_x_px,mouth_y_px,ellipse_w_cm,ellipse_h_cm,ellipse_w_deg,ellipse_h_deg
Mark,270.0,173.0,132.0,178.0,241.0,203.0,297.0,202.0,270.0,138.0,1.2854404403658248,1.7333969574630066,1.4729251179318799,1.986127691992071
Helly,-483.0,77.0,158.0,186.0,-449.0,108.0,-519.0,111.0,-484.0,35.0,1.5386332543772752,1.8113024386972991,1.7630047185417974,2.0753727591273985
