identity,nose_x_px,nose_y_px,ellipse_w_px,ellipse_h_px,lefteye_x_px,lefteye_y_px,righteye_x_px,righteye_y_px,mouth_x_px,mouth_y_px,ellipse_w_cm,ellipse_h_cm,ellipse_w_deg,ellipse_h_deg
Mark,443.0,176.0,66.0,84.0,456.0,195.0,429.0,193.0,442.0,155.0,0.6427202201829124,0.8180075529600705,0.7364929793505208,0.9373467011698835
Helly,-358.0,83.0,142.0,160.0,-330.0,120.0,-387.0,117.0,-360.0,45.0,1.3828222919086903,1.5581096246858486,1.5844966323261314,1.7853176454277981
