identity,nose_x_px,nose_y_px,ellipse_w_px,ellipse_h_px,lefteye_x_px,lefteye_y_px,righteye_x_px,righteye_y_px,mouth_x_px,mouth_y_px,ellipse_w_cm,ellipse_h_cm,ellipse_w_deg,ellipse_h_deg
Mark,-2.0,102.0,170.0,210.0,-42.0,139.0,33.0,144.0,-3.0,52.0,1.6554914762287138,2.0450188824001763,1.8968802151983613,2.3430924210731394
Helly,-2.0,68.0,148.0,214.0,-35.0,113.0,24.0,119.0,-5.0,17.0,1.4412514028344097,2.0839716230173226,1.65143811244408,2.3877099566453497
